Configuracao,Makespan,Tempo_s
_reactive_a0.00,1863.270897,1801.130
_base_a0.10,1872.290835,2816.016
_base_a0.05,1862.789302,2832.522
_a0.05_2opt_pr,1835.636968,2045.074
_a0.05_2opt_pr_centr0.2_cong0.5,1753.839556,2425.247
_a0.05_2opt_pr_centr0.1,1704.018240,2441.435
_a0.05_2opt_pr_cong0.2,1724.176930,2440.986
