node,parent,time
1,-1,0.000000
2,1,10.000000
3,2,20.000000
4,2,30.000000
5,3,40.000000
6,3,50.000000
7,4,60.000000
8,4,70.000000
