node,parent,time
1,-1,0.000000
2,6,331.793641
3,6,300.721727
4,5,264.512004
5,7,222.929666
6,7,183.164676
7,8,141.582337
8,1,100.000000
9,8,141.582338
10,9,183.164676
11,9,222.929666
12,11,264.512004
13,10,300.721727
14,10,331.793641
15,11,371.558631
16,5,371.558631
