Configuracao,Makespan,Tempo_s
_reactive_a0.00,391.926177,3668.221
_base_a0.10,424.838430,3675.582
_base_a0.05,405.847688,3687.662
_a0.05_2opt_pr,364.823777,3537.250
_a0.05_2opt_pr_centr0.1,362.975431,4253.421
_a0.05_2opt_pr_cong0.2,369.331975,2644.067
_a0.05_2opt_pr_centr0.2_cong0.5,367.921853,2751.772
