node,parent,time
1,5,100.000000
2,1,200.000000
3,1,200.000000
4,3,341.421356
5,-1,0.000000
