node,parent,time
1,-1,0.000000
2,1,10.000000
3,2,20.000000
4,2,30.000000
5,4,40.000000
6,3,50.000000
7,3,60.000000
8,4,70.000000
9,6,80.000000
10,5,90.000000
11,5,100.000000
12,6,110.000000
13,7,120.000000
14,7,130.000000
15,8,140.000000
16,8,150.000000
