node,parent,time
1,-1,0.000000
2,1,10.000000
3,6,48.284271
4,8,44.142136
5,2,24.142136
6,5,34.142136
7,2,24.142136
8,7,34.142136
9,5,34.142136
10,6,44.142136
11,7,34.142136
12,8,44.142136
13,9,44.142136
14,9,48.284271
15,11,44.142136
16,11,48.284271
