Configuracao,Makespan,Tempo_s
_reactive_a0.00,173.606644,2419.404
_base_a0.05,178.340087,2411.590
_base_a0.10,200.398179,2550.133
_a0.05_2opt_pr,158.566811,1803.404
_a0.05_2opt_pr_cong0.2,155.991951,1801.879
_a0.05_2opt_pr_centr0.1,157.040094,1803.984
_a0.05_2opt_pr_centr0.2_cong0.5,156.445387,1802.668
