node,parent,time
1,-1,0.000000
2,3,186.776747
3,1,100.000000
4,3,186.776747
5,4,273.553495
6,4,343.143044
7,2,343.143043
8,2,273.553495
