Configuracao,Makespan,Tempo_s
_reactive_a0.00,57.241363,7.667
_base_a0.05,53.708587,6.512
_base_a0.10,53.708587,1046.070
_a0.05_2opt_pr_centr0.1,51.027694,8.830
_a0.05_2opt_pr_centr0.2_cong0.5,51.027694,8.893
_a0.05_2opt_pr,48.223259,11.328
_a0.05_2opt_pr_cong0.2,49.919632,10.486
