Configuracao,Makespan,Tempo_s
_reactive_a0.00,58.932202,410.131
_base_a0.05,54.072143,418.257
_a0.05_2opt_pr,50.444368,418.151
_a0.05_2opt_pr_cong0.2,50.444368,418.002
_a0.05_2opt_pr_centr0.1,50.349068,419.014
_base_a0.10,57.131176,435.832
_a0.05_2opt_pr_centr0.2_cong0.5,48.361904,1919.389
