Configuracao,Makespan,Tempo_s
_reactive_a0.00,2548.679757,819.670
_base_a0.05,2497.391461,2045.278
_a0.05_2opt_pr_centr0.1,2409.083615,2444.241
_a0.05_2opt_pr,2401.984572,2551.542
_a0.05_2opt_pr_centr0.2_cong0.5,2401.257430,2440.736
_a0.05_2opt_pr_cong0.2,2402.541470,2443.876
_base_a0.10,2517.096966,2588.802
