Configuracao,Makespan,Tempo_s
_reactive_a0.00,1171.886630,12.143
_base_a0.05,1164.418852,12.490
_base_a0.10,1149.350866,19.190
_a0.05_2opt_pr,1113.888466,41.081
_a0.05_2opt_pr_centr0.1,1113.888466,40.594
_a0.05_2opt_pr_cong0.2,1113.888466,39.217
_a0.05_2opt_pr_centr0.2_cong0.5,1113.888466,38.790
