Configuracao,Makespan,Tempo_s
_reactive_a0.00,2694.050521,1288.029
_base_a0.05,2694.050521,498.766
_base_a0.10,2860.689988,365.277
_a0.05_2opt_pr,2603.072686,740.737
_a0.05_2opt_pr_centr0.1,2603.072686,753.207
_a0.05_2opt_pr_cong0.2,2603.072686,755.795
_a0.05_2opt_pr_centr0.2_cong0.5,2603.072686,756.877
