Configuracao,Makespan,Tempo_s
_base_a0.10,3466.652961,2562.890
_base_a0.05,3463.442555,2566.580
_a0.05_2opt_pr,3348.592959,2563.702
_a0.05_2opt_pr_centr0.1,3348.592959,2567.328
_reactive_a0.00,3432.720505,2613.708
_a0.05_2opt_pr_cong0.2,3348.592959,1841.158
_a0.05_2opt_pr_centr0.2_cong0.5,3348.592959,1840.669
