Configuracao,Makespan,Tempo_s
_base_a0.05,203.823122,1800.283
_a0.05_2opt_pr_cong0.2,180.474221,1800.449
_reactive_a0.00,223.238178,1800.628
_base_a0.10,215.746463,1802.484
_a0.05_2opt_pr_centr0.1,178.426814,1802.909
_a0.05_2opt_pr,183.481431,1805.009
_a0.05_2opt_pr_centr0.2_cong0.5,187.009726,2611.967
