Configuracao,Makespan,Tempo_s
_base_a0.05,2774.154364,1902.173
_base_a0.10,2775.807463,1900.126
_reactive_a0.00,3018.134238,1909.238
_a0.05_2opt_pr_centr0.1,2753.524588,1883.882
_a0.05_2opt_pr,2682.246195,1899.166
_a0.05_2opt_pr_centr0.2_cong0.5,2529.402117,168.153
_a0.05_2opt_pr_cong0.2,2526.992550,187.257
