Configuracao,Makespan,Tempo_s
_reactive_a0.00,2733.746523,760.463
_base_a0.05,2557.640066,973.107
_a0.05_2opt_pr,2371.744583,1700.221
_base_a0.10,2616.351596,1800.759
_a0.05_2opt_pr_centr0.1,2371.744583,1701.758
_a0.05_2opt_pr_cong0.2,2371.744583,1702.267
_a0.05_2opt_pr_centr0.2_cong0.5,2371.744583,1702.346
