Configuracao,Makespan,Tempo_s
_base_a0.05,11129.825163,1926.400
_base_a0.10,11597.438995,1903.704
_reactive_a0.00,11765.447800,1940.548
_a0.05_2opt_pr,10500.415397,1943.326
_a0.05_2opt_pr_centr0.1,10453.194101,1942.859
_a0.05_2opt_pr_cong0.2,10384.129121,2690.860
_a0.05_2opt_pr_centr0.2_cong0.5,10366.324390,2689.322
