Configuracao,Makespan,Tempo_s
_base_a0.10,3189.882723,1801.476
_base_a0.05,2867.126837,1801.925
_a0.05_2opt_pr,2689.227886,1802.079
_reactive_a0.00,2998.173293,1808.115
_a0.05_2opt_pr_centr0.1,2639.772827,1807.971
_a0.05_2opt_pr_cong0.2,2662.023747,1805.058
_a0.05_2opt_pr_centr0.2_cong0.5,2635.236118,1805.972
