node,parent,time
1,2,40.000000
2,3,30.000000
3,4,20.000000
4,5,10.000000
5,-1,0.000000
