Configuracao,Makespan,Tempo_s
_base_a0.10,3737.202925,1812.647
_a0.05_2opt_pr,2959.133805,1810.315
_reactive_a0.00,3220.877800,1868.619
_base_a0.05,3192.279245,1870.713
_a0.05_2opt_pr_centr0.1,2966.992432,2869.891
_a0.05_2opt_pr_cong0.2,2959.538690,2865.755
_a0.05_2opt_pr_centr0.2_cong0.5,2958.835230,2873.343
